[
  {
    "code": 123,
    "commentCount": 5,
    "createAt": "2023-05-30T10:30:00",
    "createdAt": "2023-05-30T10:30:00",
    "description": "This is a sample description.",
    "dislikes": 2,
    "feedsComment": "Sample feeds comment",
    "id": 1,
    "imagePaths": "path/to/images",
    "images": "image1.jpg,image2.jpg",
    "isdeleted": false,
    "lat": 12,
    "likeCount": 10,
    "likes": 8,
    "lng": 34,
    "location": "Sample location",
    "mediatype": 1,
    "msg": "Sample message",
    "name": "John Doe",
    "place": "Sample place",
    "profilePicture": "path/to/profile_picture.jpg",
    "title": "Sample title",
    "totalFeed": 100,
    "url": "http://sampleurl.com",
    "userAction": 1,
    "userId": 12345,
    "videoUrl": "http://samplevideourl.com"
  },
  {
    "code": 456,
    "commentCount": 3,
    "createAt": "2023-05-29T15:45:00",
    "createdAt": "2023-05-29T15:45:00",
    "description": "Another sample description.",
    "dislikes": 1,
    "feedsComment": "Another sample feeds comment",
    "id": 2,
    "imagePaths": "path/to/images2",
    "images": "image3.jpg,image4.jpg",
    "isdeleted": true,
    "lat": 56,
    "likeCount": 20,
    "likes": 18,
    "lng": 78,
    "location": "Another sample location",
    "mediatype": 2,
    "msg": "Another sample message",
    "name": "Jane Smith",
    "place": "Another sample place",
    "profilePicture": "path/to/profile_picture2.jpg",
    "title": "Another sample title",
    "totalFeed": 200,
    "url": "http://anotherurl.com",
    "userAction": 2,
    "userId": 67890,
    "videoUrl": "http://samplevideourl2.com"
  }
]
